policy,budget,context_length,count,score_mean,ci_low,ci_high,oom_rate,error_rate,peak_vram_gib,cache_gib,compression,prefill_s,compress_s,decode_tps
full,-1,16384,24,0.0417,0.0000,0.1250,0.9167,0.0833,5.194,2.2440,0.0000,67.235,0.001,1.09
full,-1,2048,24,0.6979,0.5486,0.8368,0.0000,0.0000,2.935,0.2730,0.0000,4.038,0.000,7.66
full,-1,32768,24,0.0000,0.0000,0.0000,1.0000,0.0000,0.000,0.0000,0.0000,0.000,0.000,0.00
full,-1,4096,24,0.6562,0.4896,0.8125,0.0000,0.0000,3.225,0.5554,0.0000,2.610,0.000,7.95
full,-1,8192,24,0.6458,0.4688,0.8125,0.0000,0.0000,3.861,1.1167,0.0000,6.055,0.000,6.90
pyramidkv,1024,16384,24,0.6910,0.5347,0.8368,0.0000,0.0000,3.103,0.1406,0.9373,10.285,0.229,7.34
pyramidkv,1024,2048,24,0.7188,0.5799,0.8472,0.0000,0.0000,2.938,0.1406,0.4844,1.042,0.021,6.84
pyramidkv,1024,32768,24,0.6771,0.5000,0.8438,0.0000,0.0000,3.103,0.1406,0.9687,20.940,0.379,6.27
pyramidkv,1024,4096,24,0.6528,0.4792,0.8125,0.0000,0.0000,3.089,0.1406,0.7467,2.373,0.046,8.38
pyramidkv,1024,8192,24,0.7361,0.6007,0.8611,0.0000,0.0000,3.103,0.1406,0.8741,5.052,0.124,8.44
pyramidkv,256,16384,24,0.6181,0.4514,0.7778,0.0000,0.0000,2.994,0.0352,0.9843,9.662,0.249,8.49
pyramidkv,256,2048,24,0.6597,0.4965,0.8229,0.0000,0.0000,2.938,0.0352,0.8711,1.044,0.016,8.61
pyramidkv,256,32768,24,0.5312,0.3438,0.7083,0.0000,0.0000,2.994,0.0352,0.9922,19.379,0.483,8.34
pyramidkv,256,4096,24,0.6181,0.4410,0.7847,0.0000,0.0000,2.982,0.0352,0.9367,2.270,0.048,8.82
pyramidkv,256,8192,24,0.6076,0.4306,0.7743,0.0000,0.0000,2.994,0.0352,0.9685,4.739,0.121,8.94
snapkv,1024,16384,24,0.7049,0.5625,0.8368,0.0000,0.0000,3.094,0.1406,0.9373,10.396,0.300,9.41
snapkv,1024,2048,24,0.6979,0.5486,0.8368,0.0000,0.0000,2.938,0.1406,0.4844,1.059,0.012,10.52
snapkv,1024,32768,24,0.6667,0.5000,0.8229,0.0000,0.0000,3.095,0.1406,0.9687,21.150,0.566,8.66
snapkv,1024,4096,24,0.6701,0.5069,0.8160,0.0000,0.0000,3.084,0.1406,0.7467,2.378,0.055,9.21
snapkv,1024,8192,24,0.6944,0.5382,0.8333,0.0000,0.0000,3.094,0.1406,0.8741,5.072,0.128,8.93
snapkv,256,16384,24,0.7222,0.5833,0.8542,0.0000,0.0000,3.007,0.0352,0.9843,9.778,0.373,11.97
snapkv,256,2048,24,0.6632,0.4931,0.8160,0.0000,0.0000,2.938,0.0352,0.8711,1.063,0.014,11.94
snapkv,256,32768,24,0.6458,0.4688,0.8125,0.0000,0.0000,3.007,0.0352,0.9922,19.729,0.788,11.94
snapkv,256,4096,24,0.6458,0.4688,0.8125,0.0000,0.0000,2.992,0.0352,0.9367,2.294,0.058,12.20
snapkv,256,8192,24,0.7222,0.5833,0.8542,0.0000,0.0000,3.007,0.0352,0.9685,4.790,0.162,12.11
streaming_llm,1024,16384,24,0.0208,0.0000,0.0625,0.0000,0.0000,3.090,0.1406,0.9373,10.321,0.028,11.38
streaming_llm,1024,2048,24,0.2014,0.0972,0.3090,0.0000,0.0000,2.935,0.1406,0.4844,1.057,0.003,11.37
streaming_llm,1024,32768,24,0.0104,0.0000,0.0312,0.0000,0.0000,3.091,0.1406,0.9687,20.984,0.055,11.53
streaming_llm,1024,4096,24,0.0868,0.0278,0.1528,0.0000,0.0000,3.080,0.1406,0.7467,2.386,0.007,11.67
streaming_llm,1024,8192,24,0.0417,0.0000,0.1042,0.0000,0.0000,3.090,0.1406,0.8741,5.041,0.013,11.43
streaming_llm,256,16384,24,0.0208,0.0000,0.0625,0.0000,0.0000,3.005,0.0352,0.9843,9.640,0.035,10.44
streaming_llm,256,2048,24,0.0590,0.0104,0.1181,0.0000,0.0000,2.935,0.0352,0.8711,2.334,0.008,7.81
streaming_llm,256,32768,24,0.0729,0.0104,0.1458,0.0000,0.0000,3.005,0.0352,0.9922,19.431,0.081,8.88
streaming_llm,256,4096,24,0.0312,0.0000,0.0833,0.0000,0.0000,2.990,0.0352,0.9367,2.345,0.013,8.02
streaming_llm,256,8192,24,0.0417,0.0000,0.1042,0.0000,0.0000,3.005,0.0352,0.9685,4.794,0.025,8.48
tova,1024,16384,24,0.6910,0.5347,0.8333,0.0000,0.0000,3.094,0.1406,0.9373,10.185,0.128,5.92
tova,1024,2048,24,0.6979,0.5486,0.8368,0.0000,0.0000,2.938,0.1406,0.4844,1.053,0.017,5.97
tova,1024,32768,24,0.6458,0.4688,0.7917,0.0000,0.0000,3.095,0.1406,0.9687,20.746,0.261,6.02
tova,1024,4096,24,0.6562,0.4896,0.8125,0.0000,0.0000,3.084,0.1406,0.7467,2.361,0.033,5.98
tova,1024,8192,24,0.6458,0.4688,0.8125,0.0000,0.0000,3.094,0.1406,0.8741,4.999,0.066,5.88
tova,256,16384,24,0.6493,0.4861,0.8021,0.0000,0.0000,3.007,0.0352,0.9843,9.824,0.207,7.63
tova,256,2048,24,0.6493,0.4792,0.8090,0.0000,0.0000,2.938,0.0352,0.8711,1.065,0.013,8.62
tova,256,32768,24,0.4375,0.2708,0.6146,0.0000,0.0000,3.007,0.0352,0.9922,19.825,0.431,7.61
tova,256,4096,24,0.6458,0.4688,0.8125,0.0000,0.0000,2.992,0.0352,0.9367,2.327,0.045,8.77
tova,256,8192,24,0.6354,0.4688,0.8021,0.0000,0.0000,3.007,0.0352,0.9685,4.821,0.109,8.17
